{

    "metadata" :
    {
        "formatVersion" : 3.1,
        "sourceFile"    : "stone2.obj",
        "generatedBy"   : "OBJConverter",
        "vertices"      : 85,
        "faces"         : 72,
        "normals"       : 0,
        "colors"        : 0,
        "uvs"           : 106,
        "materials"     : 0
    },

    "scale" : 1.000000,

    "materials": [	{
	"DbgColor" : 15658734,
	"DbgIndex" : 0,
	"DbgName" : "default"
	}],

    "vertices": [-92.357101,0.820732,171.717499,153.935776,0.820735,106.543488,138.626160,0.820744,-103.071709,-59.854397,0.820747,-165.750931,-171.311890,0.820740,-2.101291,-88.433830,0.820734,122.362732,36.328976,0.820734,136.358444,41.640842,0.820733,165.357330,125.537193,0.820736,87.618973,179.045807,0.820740,-3.891094,158.715668,0.820740,0.528766,112.660843,0.820743,-78.961517,34.357944,0.820745,-130.695862,36.986115,0.820746,-143.930573,-47.795437,0.820746,-132.378113,-116.892258,0.820743,-80.116684,-127.591118,0.820744,-86.180916,-143.567932,0.820740,-0.223199,-136.786102,0.820737,62.502426,-149.264496,0.820737,69.097961,-13.720062,29.455910,-76.949074,28.479673,25.643700,-1.765219,-100.908447,26.696941,-10.515514,-91.331306,5.362017,32.055737,15.699054,8.492046,103.417732,-85.402397,14.105995,100.623367,-2.913951,7.085728,-43.824188,-29.757692,7.085727,-19.906834,-60.536186,7.085726,-8.790058,-64.417816,7.085723,56.540733,-28.625776,7.085724,48.604004,56.927296,7.085723,60.580780,86.901886,7.085725,16.176851,76.078087,7.085728,-41.393944,38.308140,7.085727,-25.981394,-7.408803,59.517208,-44.282246,-44.209015,43.227386,-29.456886,-79.941551,30.608633,-17.410795,-72.211349,39.912868,59.328751,-28.422890,44.273426,57.846901,37.431225,67.557220,65.937111,104.746933,106.107635,13.615359,72.105003,99.169662,-43.856068,44.178226,59.063442,-73.663666,-13.396900,119.151779,-43.977741,-36.575665,111.005089,-11.867839,-67.186890,137.149872,-4.319399,-36.025333,154.755981,60.309059,-1.310296,132.699295,68.682716,52.436443,150.251724,75.115730,84.519707,177.727707,3.146169,63.971043,163.788055,-38.296150,37.211769,138.381378,-46.865120,-15.364287,181.182632,46.981598,-49.278202,181.830276,2.752074,-12.451845,215.570282,-25.006777,18.529978,181.219315,27.306990,52.290638,328.332642,-60.319908,19.199287,297.085602,-83.059135,9.788028,220.651428,-81.894058,-5.424459,199.752014,-44.830795,-17.958218,161.881500,-4.060542,-2.768044,261.974915,-54.494846,11.030552,341.102295,-35.111214,33.663960,350.657257,-30.116274,47.244434,324.209839,-16.232506,14.134115,320.146149,-22.421303,40.663136,298.083588,-5.433690,21.498663,294.401917,-15.683439,53.303078,269.536804,26.047518,6.194069,248.313568,-31.681080,-10.131739,7.085721,100.622124,0.452161,77.503181,82.288239,32.600842,142.549698,82.404274,30.952452,223.881805,28.645695,31.770477,258.454590,19.208258,-0.439891,213.913391,-14.378786,-37.604156,195.988007,8.450582,-64.887909,145.416077,32.530342,-83.473579,33.417824,26.735878,-88.446503,7.085724,35.025017,54.764946,299.195587,-18.782148,73.362129,168.067307,43.277496,107.118774,86.467896,57.621548,74.866089,7.085724,40.457458],

    "morphTargets": [],

    "morphColors": [],

    "normals": [],

    "colors": [],

    "uvs": [[0.60564,0.55368,0.36179,0.93136,0.017642,0.7917,0.020561,0.42416,0.35631,0.32571,0.52204,0.53327,0.47689,0.75103,0.52203,0.7751,0.34536,0.87403,0.16252,0.9135,0.18098,0.882,0.071688,0.76206,0.026522,0.60105,0.003992,0.59873,0.070133,0.4624,0.19491,0.37427,0.19106,0.35331,0.3447,0.37213,0.4467,0.41937,0.4645,0.40189,0.14966,0.55323,0.24899,0.66173,0.30329,0.44542,0.37381,0.48029,0.43295,0.6981,0.4812,0.52815,0.007424,0.29015,0.014074,0.18622,0.024944,0.08365,0.015812,0.035165,0.10709,0.34338,0.17589,0.18484,0.17491,0.082025,0.12231,0.012397,0.24994,0.3162,0.29529,0.18201,0.28493,0.10173,0.25456,0.04884,0.54879,0.1111,0.52518,0.038513,0.4008,0.00571,0.61612,0.10693,0.59626,0.14949,0.54305,0.17542,0.50949,0.20447,0.44893,0.24165,0.5015,0.17319,0.27649,0.25492,0.1423,0.24235,0.009605,0.24267,0.90574,0.50119,0.95226,0.53771,0.99527,0.575,0.87442,0.43981,0.84572,0.57142,0.91749,0.60052,0.9837,0.62907,0.77151,0.4991,0.77401,0.65601,0.83393,0.69571,0.85072,0.76821,0.68951,0.61815,0.77375,0.8169,0.6707,0.79832,0.48504,0.82946,0.58982,0.74151,0.6632,0.7542,0.76032,0.75611,0.57404,0.82635,0.48735,0.94852,0.49365,0.99424,0.55291,0.99462,0.529,0.93922,0.59374,0.96216,0.57645,0.92638,0.61909,0.84164,0.94677,0.007283,0.97345,0.15807,0.98438,0.22475,0.96094,0.45612,0.89312,0.017121,0.91596,0.15875,0.91573,0.24194,0.86454,0.3945,0.70569,0.098673,0.71703,0.23357,0.74928,0.29927,0.71144,0.39899,0.66272,0.25241,0.62562,0.15699,0.53344,0.21385,0.62391,0.30454,0.40379,0.34249,0.40385,0.30534,0.47358,0.38448,0.47036,0.24154,0.99437,0.31956,0.85799,0.31677,0.73219,0.36473,0.55562,0.34234,0.48915,0.34494,0.54193,0.24021,0.61062,0.18765,0.71957,0.16352,0.91533,0.094925,0.96457,0.098552]],

    "faces": [11,6,7,1,8,0,6,7,1,8,11,6,5,0,7,0,6,5,0,7,11,8,1,9,10,0,8,1,9,10,11,10,9,2,11,0,10,9,2,11,11,12,11,2,13,0,12,11,2,13,11,14,12,13,3,0,14,12,13,3,11,15,14,3,16,0,15,14,3,16,11,15,16,4,17,0,15,16,4,17,11,18,17,4,19,0,18,17,4,19,11,18,19,0,5,0,18,19,0,5,11,11,12,20,21,0,11,12,20,21,11,20,12,14,15,0,20,12,14,15,11,10,11,21,8,0,10,11,21,8,11,21,20,22,23,0,21,20,22,23,11,22,20,15,17,0,22,20,15,17,11,22,17,18,23,0,22,17,18,23,11,24,6,8,21,0,24,6,8,21,11,5,6,24,25,0,5,6,24,25,11,25,24,21,23,0,25,24,21,23,11,25,23,18,5,0,25,23,18,5,11,28,37,36,27,0,52,56,55,51,11,29,38,79,80,0,77,81,104,105,11,30,39,38,29,0,78,82,81,77,11,72,39,30,71,0,97,82,78,96,11,32,41,83,84,0,27,31,48,49,11,33,42,41,32,0,28,32,31,27,11,34,43,42,33,0,29,33,32,28,11,26,35,43,34,0,50,54,57,53,11,27,36,35,26,0,51,55,54,50,11,37,46,45,36,0,56,60,59,55,11,38,47,78,79,0,81,85,103,104,11,39,48,47,38,0,82,86,85,81,11,48,39,72,73,0,86,82,97,98,11,41,50,82,83,0,31,35,47,48,11,42,51,50,41,0,32,36,35,31,11,43,52,51,42,0,33,37,36,32,11,35,44,52,43,0,54,58,61,57,11,36,45,44,35,0,55,59,58,54,11,47,53,77,78,0,85,88,102,103,11,48,56,53,47,0,86,91,88,85,11,76,77,53,56,0,101,102,88,91,11,56,48,73,74,0,91,86,98,99,11,50,57,81,82,0,35,38,46,47,11,51,58,57,50,0,36,39,38,35,11,52,59,58,51,0,37,40,39,36,11,44,60,59,52,0,58,66,65,61,11,45,61,60,44,0,59,67,66,58,11,46,54,61,45,0,60,62,67,59,11,61,54,55,60,0,67,62,63,66,11,55,70,62,60,0,63,75,68,66,11,74,75,76,56,0,99,100,101,91,11,62,58,59,60,0,68,64,65,66,11,58,63,64,57,0,39,41,42,38,11,62,66,63,58,0,68,72,69,64,11,57,64,65,81,0,38,42,43,46,11,63,66,65,64,0,69,72,71,70,11,70,68,66,62,0,75,74,72,68,11,66,68,67,65,0,72,74,73,71,11,71,31,40,72,0,96,79,83,97,11,40,49,73,72,0,83,87,98,97,11,49,69,74,73,0,87,94,99,98,11,68,70,75,67,0,93,95,100,92,11,75,74,69,67,0,100,99,94,92,11,70,55,76,75,0,95,90,101,100,11,55,54,77,76,0,90,89,102,101,11,54,46,78,77,0,89,84,103,102,11,46,37,79,78,0,84,80,104,103,11,37,28,80,79,0,80,76,105,104,11,67,69,81,65,0,44,45,46,43,11,69,49,82,81,0,45,34,47,46,11,49,40,83,82,0,34,30,48,47,11,40,31,84,83,0,30,26,49,48]

}
